{
    "broadband": {
        "Arris XB3": "Arris-XB3",
        "Arris XB3 COX": "Arris XB3 Cox",
        "Arris XB6": "Arris-XB6",
        "Cisco 3939": "CiscoXB3_DPC3939",
        "Cisco XB3": " Cisco-XB3",
        "DPC3939B": "CiscoXB3_3939B",
        "DPC3941B": "CiscoXB3_3941B",
        "Pace CGF3": "XF3",
        "Pace XF3": "XF3",
        "Sky HomeHub4": "SkyHub4",
        "Technicolor CBR": "TCCBR",
        "Technicolor XB6": "Technicolor XB6",
        "Technicolor XB7": "TCXB7",
        "default": "RDK Broadband"
    }
}